{
  "annotations/annotation.xml": 1611214060406,
  "Component.js": 1611208017763,
  "manifest.json": 1614309935240,
  "manifest-bundle.zip": 1614309935251,
  "Component-preload.js": 1614309935379,
  "Component-dbg.js": 1611208017763,
  "images/XuGang.png": 1606727321000,
  "images/WangNa.jpg": 1606727321000,
  "images/SunWeinan.jpg": 1606727321000,
  "images/MaoGe.jpg": 1606727321000,
  "images/LuYao.jpg": 1606727321000,
  "css/style.css": 1606816105000,
  "i18n/i18n.properties": 1611208258333
}