{
    "resources": [
        {
            "name": "view/S001.view.xml"
        },
        {
            "name": "serviceBinding.js"
        },
        {
            "name": "manifest.json"
        },
        {
            "name": "model/models.js"
        },
        {
            "name": "controller/S002.controller.js"
        },
        {
            "name": "controller/S001.controller.js"
        },
        {
            "name": "data/template.json"
        },
        {
            "name": "Component.js"
        },
        {
            "name": "manifest-bundle.zip"
        },
        {
            "name": "Component-preload.js",
            "merged": true
        },
        {
            "name": "Component-dbg.js",
            "isDebug": true
        },
        {
            "name": "controller/S002-dbg.controller.js",
            "isDebug": true
        },
        {
            "name": "controller/S001-dbg.controller.js",
            "isDebug": true
        },
        {
            "name": "serviceBinding-dbg.js",
            "isDebug": true
        },
        {
            "name": "model/models-dbg.js",
            "isDebug": true
        },
        {
            "name": "../../sap-ui-version.json"
        },
        {
            "name": "view/S002.view.xml"
        },
        {
            "name": "i18n/i18n.properties",
            "raw": "i18n/i18n.properties"
        },
        {
            "name": "data/Template.xlsx"
        },
        {
            "name": "css/ZCSS001.css"
        },
        {
            "name": "index.html"
        },
        {
            "name": "UI5RepositoryPathMapping.xml"
        }
    ]
}