{
    "resources": [
        {
            "name": "manifest.json"
        },
        {
            "name": "Component.js"
        },
        {
            "name": "util/Formatter.js"
        },
        {
            "name": "util/DataManager.js"
        },
        {
            "name": "model/models.js"
        },
        {
            "name": "controller/S002.controller.js"
        },
        {
            "name": "controller/S001.controller.js"
        },
        {
            "name": "serviceBinding.js"
        },
        {
            "name": "i18n/i18n.properties",
            "raw": "i18n/i18n.properties"
        },
        {
            "name": "manifest-bundle.zip"
        },
        {
            "name": "Component-preload.js",
            "merged": true
        },
        {
            "name": "util/DataManager-dbg.js",
            "isDebug": true
        },
        {
            "name": "util/Formatter-dbg.js",
            "isDebug": true
        },
        {
            "name": "model/models-dbg.js",
            "isDebug": true
        },
        {
            "name": "controller/S002-dbg.controller.js",
            "isDebug": true
        },
        {
            "name": "controller/S001-dbg.controller.js",
            "isDebug": true
        },
        {
            "name": "serviceBinding-dbg.js",
            "isDebug": true
        },
        {
            "name": "Component-dbg.js",
            "isDebug": true
        },
        {
            "name": "../../sap-ui-version.json"
        },
        {
            "name": "view/S002.view.xml"
        },
        {
            "name": "view/S001.view.xml"
        },
        {
            "name": "view/CloseConfirm.fragment.xml"
        },
        {
            "name": "image/HT-6100-large.jpg"
        },
        {
            "name": "css/style.css"
        },
        {
            "name": "index.html"
        }
    ]
}