{
  "index.html": 1614238095453,
  "manifest.json": 1614309942205,
  "ext/controller/OrderStatusHelp.controller.js": 1614308447022,
  "ext/controller/CustomAction.controller.js": 1614308815781,
  "Component.js": 1614238095453,
  "manifest-bundle.zip": 1614309942213,
  "Component-preload.js": 1614309942366,
  "ext/controller/CustomAction-dbg.controller.js": 1614308815781,
  "ext/controller/OrderStatusHelp-dbg.controller.js": 1614308447022,
  "Component-dbg.js": 1614238095453,
  "ext/fragment/OrderStatusHelp.fragment.xml": 1614239346716,
  "ext/fragment/CustomAction.fragment.xml": 1614239322315,
  "annotations/annotation.xml": 1614239075690,
  "i18n/i18n.properties": 1614308767917
}