{
  "Component-dbg.js": 1605766597000,
  "controller/S001.controller.js": 1604973043000,
  "manifest.json": 1611218170095,
  "model/models.js": 1604971950000,
  "controller/S002.controller.js": 1606713355000,
  "data/template.json": 1604973095000,
  "serviceBinding.js": 1604975006000,
  "Component.js": 1605766597000,
  "manifest-bundle.zip": 1611218169547,
  "Component-preload.js": 1611218170001,
  "controller/S001-dbg.controller.js": 1604973043000,
  "controller/S002-dbg.controller.js": 1606713355000,
  "model/models-dbg.js": 1604971950000,
  "serviceBinding-dbg.js": 1604975006000,
  "i18n/i18n.properties": 1604973054000,
  "resources.json": 1611218170102,
  "view/S002.view.xml": 1606456375000,
  "view/S001.view.xml": 1605754952000,
  "data/Template.xlsx": 1604973095000,
  "css/ZCSS001.css": 1606792196000,
  "index.html": 1605693311000,
  "UI5RepositoryPathMapping.xml": 1604973027000
}